Series Name,Country Name,Country Code,1990 [YR1990],2000 [YR2000],2011 [YR2011],2012 [YR2012],2013 [YR2013],2014 [YR2014],2015 [YR2015],2016 [YR2016],2017 [YR2017],2018 [YR2018],2019 [YR2019],2020 [YR2020]
"Primary completion rate, total (% of relevant age group)",Afghanistan,AFG,..,..,..,..,..,..,..,80.49504089,84.41494751,85.62532806,..,..
"Primary completion rate, total (% of relevant age group)",Albania,ALB,..,96.58268738,92.98265839,98.67212677,89.53917694,100.9847183,98.86158752,99.88155365,101.9837036,101.5378571,103.3227463,..
"Primary completion rate, total (% of relevant age group)",Algeria,DZA,77.42842865,80.16638947,97.63629913,101.5528793,106.0316772,108.3915787,105.5467224,105.5900497,105.6367111,105.143959,101.3646317,..
"Primary completion rate, total (% of relevant age group)",American Samoa,ASM,..,..,..,..,..,..,..,..,..,..,..,..
"Primary completion rate, total (% of relevant age group)",Andorra,AND,..,..,..,..,..,..,..,..,..,..,..,..
"Primary completion rate, total (% of relevant age group)",Angola,AGO,..,..,46.18714905,..,..,..,..,..,..,..,..,..
"Primary completion rate, total (% of relevant age group)",Antigua and Barbuda,ATG,..,..,103.6769485,..,..,111.150322,92.55548096,..,98.18578339,96.19882965,..,..
"Primary completion rate, total (% of relevant age group)",Argentina,ARG,..,97.34647369,103.8877106,103.3522491,101.6450119,103.1064377,102.9737396,103.8935699,99.96276093,..,..,..
"Primary completion rate, total (% of relevant age group)",Armenia,ARM,..,..,93.80896759,93.8516922,..,96.65222931,94.59063721,90.7516098,91.98770905,89.87895966,93.13851929,..
"Primary completion rate, total (% of relevant age group)",Aruba,ABW,..,97.14286041,..,..,96.57064056,101.1805573,..,..,..,..,..,..
"Primary completion rate, total (% of relevant age group)",Australia,AUS,..,..,..,..,..,..,..,..,..,..,..,..
"Primary completion rate, total (% of relevant age group)",Austria,AUT,..,..,96.77201843,96.69371796,97.60601044,98.69184875,100.3737869,99.65672302,99.45317841,99.81300354,..,..
"Primary completion rate, total (% of relevant age group)",Azerbaijan,AZE,..,89.51351166,92.80683136,91.99118805,88.08940887,98.12570953,103.2802124,111.3019104,107.1721725,100.2199478,100.3833389,..
"Primary completion rate, total (% of relevant age group)","Bahamas, The",BHS,..,..,89.73961639,89.32279968,79.21592712,80.0656662,85.22869873,77.42339325,..,76.45863342,..,..
"Primary completion rate, total (% of relevant age group)",Bahrain,BHR,..,98.78814697,89.47138214,93.22641754,94.48236847,96.6472168,98.74027252,99.51364899,99.45120239,97.87412262,100.241188,..
"Primary completion rate, total (% of relevant age group)",Bangladesh,BGD,..,..,..,..,..,..,..,..,..,..,..,..
"Primary completion rate, total (% of relevant age group)",Barbados,BRB,..,98.39069366,98.1675415,..,..,..,..,..,..,88.74687195,90.09367371,..
"Primary completion rate, total (% of relevant age group)",Belarus,BLR,94.98883057,102.3249207,107.9056778,104.0764618,100.2649384,98.66790771,96.76220703,96.86775208,101.6810074,104.6179123,..,..
"Primary completion rate, total (% of relevant age group)",Belgium,BEL,..,..,..,..,..,..,..,..,..,..,..,..
"Primary completion rate, total (% of relevant age group)",Belize,BLZ,..,100.0501328,103.9519577,108.0577164,101.6987762,102.061203,104.2317963,105.3376236,102.6097107,104.4744797,102.8469315,..
"Primary completion rate, total (% of relevant age group)",Benin,BEN,18.79125023,37.80432892,71.6880188,73.04107666,78.60559845,79.45439911,81.14032745,80.74555969,..,..,64.43959808,..
"Primary completion rate, total (% of relevant age group)",Bermuda,BMU,..,..,95.56136322,94.80692291,98.23609161,88.95027924,91.57302856,..,..,..,..,..
"Primary completion rate, total (% of relevant age group)",Bhutan,BTN,..,51.06835175,89.07044983,98.97335052,96.63999176,96.23844147,..,100.6621628,100,..,..,..
"Primary completion rate, total (% of relevant age group)",Bolivia,BOL,..,..,96.88192749,97.44641876,94.44821167,90.71195984,88.83914185,89.91242981,91.61031342,94.83978271,..,..
"Primary completion rate, total (% of relevant age group)",Bosnia and Herzegovina,BIH,..,..,..,..,..,..,..,..,..,..,..,..
"Primary completion rate, total (% of relevant age group)",Botswana,BWA,93.86044312,96.82112885,..,101.2084198,100.661171,..,..,..,..,..,..,..
"Primary completion rate, total (% of relevant age group)",Brazil,BRA,..,..,..,..,..,..,..,..,..,..,..,..
"Primary completion rate, total (% of relevant age group)",British Virgin Islands,VGB,..,111.1764679,87.17340088,90.80460358,93.90518951,82.55033875,95.06726074,90.59632874,95.49762726,79.60688019,..,..
"Primary completion rate, total (% of relevant age group)",Brunei Darussalam,BRN,..,114.790947,110.9769974,107.0699768,106.1239319,100.1175385,102.1722794,..,107.4272232,107.9787216,100.0980072,..
"Primary completion rate, total (% of relevant age group)",Bulgaria,BGR,99.11776733,96.15943146,110.2010422,101.8105621,98.95879364,97.95253754,96.19129181,92.04534149,89.81646729,86.6185379,..,..
"Primary completion rate, total (% of relevant age group)",Burkina Faso,BFA,19.49580002,25.42222023,..,57.36603165,62.34405136,60.84949875,62.02980042,61.72433853,63.51921844,65.47892761,64.54945374,..
"Primary completion rate, total (% of relevant age group)",Burundi,BDI,41.07458878,24.35050011,56.37577057,62.99792099,70.719841,69.56655884,64.53968048,67.67450714,68.37870026,63.02138901,59.37641907,..
"Primary completion rate, total (% of relevant age group)",Cabo Verde,CPV,60.22657013,105.9931488,96.2914505,97.75907898,92.35906219,94.72225189,95.21536255,91.0370636,87.40142059,87.29020691,..,..
"Primary completion rate, total (% of relevant age group)",Cambodia,KHM,..,..,87.46833801,93.19101715,94.19036865,96.64279175,95.51302338,92.41137695,89.54563141,87.9994812,91.02736664,..
"Primary completion rate, total (% of relevant age group)",Cameroon,CMR,56.25030136,49.5123291,70.71424866,74.24182129,..,72.77977753,74.17043304,73.39318848,68.21424103,64.47068024,65.49803925,..
"Primary completion rate, total (% of relevant age group)",Canada,CAN,..,97.81784058,..,..,..,..,..,..,..,..,..,..
"Primary completion rate, total (% of relevant age group)",Cayman Islands,CYM,..,102.3157883,101.6616287,100,92.63455963,..,..,..,..,89.55223846,..,..
"Primary completion rate, total (% of relevant age group)",Central African Republic,CAF,31.57345009,..,40.87232971,42.82416153,..,..,..,40.8741684,..,..,..,..
"Primary completion rate, total (% of relevant age group)",Chad,TCD,16.51408958,22.1473999,33.93759155,34.40066147,37.66218948,..,37.49597168,41.32025909,37.92238998,40.56021881,..,..
"Primary completion rate, total (% of relevant age group)",Channel Islands,CHI,..,..,..,..,..,..,..,..,..,..,..,..
"Primary completion rate, total (% of relevant age group)",Chile,CHL,..,..,95.71444702,98.82016754,98.69904327,98.90055847,96.97695923,95.48255157,94.75356293,96.24210358,..,..
"Primary completion rate, total (% of relevant age group)",China,CHN,101.5680618,..,..,..,..,..,..,..,..,..,..,..
"Primary completion rate, total (% of relevant age group)",Colombia,COL,75.26024628,96.0116806,115.3100204,109.6682205,99.79444122,99.24220276,100.0330505,101.7112503,105.9868011,106.7693863,..,..
"Primary completion rate, total (% of relevant age group)",Comoros,COM,..,..,..,..,74.69879913,77.67991638,..,..,76.72007751,..,..,..
"Primary completion rate, total (% of relevant age group)","Congo, Dem. Rep.",COD,..,..,65.57299042,70.90409088,69.77172852,..,69.91117096,..,..,..,..,..
"Primary completion rate, total (% of relevant age group)","Congo, Rep.",COG,58.92061996,..,74.98303223,71.60604095,..,..,..,..,..,..,..,..
"Primary completion rate, total (% of relevant age group)",Costa Rica,CRI,74.3367691,88.31564331,104.3604507,102.4104004,98.64965057,98.42607117,99.58660126,97.32090759,96.77837372,98.59436798,102.7380524,..
"Primary completion rate, total (% of relevant age group)",Cote d'Ivoire,CIV,42.70793152,43.29003143,53.17802811,54.47447968,53.29364014,54.86824036,60.44213104,64.16320801,71.59989929,74.60257721,78.75084686,..
"Primary completion rate, total (% of relevant age group)",Croatia,HRV,..,90.88205719,93.08901215,92.74301147,94.96452332,97.93856049,103.4840393,101.0199966,95.54715729,94.84780884,..,..
"Primary completion rate, total (% of relevant age group)",Cuba,CUB,92.97296143,95.5450592,95.78063202,94.92070007,93.86077118,98.09442902,97.07624054,92.8256073,89.52381897,84.13140869,86.53215027,..
"Primary completion rate, total (% of relevant age group)",Curacao,CUW,..,..,..,..,..,..,..,..,..,..,..,..
"Primary completion rate, total (% of relevant age group)",Cyprus,CYP,78.59986115,97.65950012,101.7331009,100.0641403,98.3320694,99.82537842,96.81906128,98.46739197,101.2697296,101.8767014,..,..
"Primary completion rate, total (% of relevant age group)",Czech Republic,CZE,..,99.34734344,103.75914,100.9904404,99.76103973,98.16072083,96.07079315,97.06746674,97.84403992,98.54006195,..,..
"Primary completion rate, total (% of relevant age group)",Denmark,DNK,95.36968231,100.1467819,99.62966919,98.25849152,99.27841187,98.77497864,98.73802948,103.8826904,103.7763977,101.0366287,..,..
"Primary completion rate, total (% of relevant age group)",Djibouti,DJI,28.51501083,26.6926899,50.78261948,..,50.69831085,59.97706985,65.59613037,67.35250854,62.97631836,66.38028717,..,63.03197098
"Primary completion rate, total (% of relevant age group)",Dominica,DMA,..,119.4272385,86.68261719,97.30413055,96.42537689,100.8571396,105.9535828,113.9266968,..,..,..,..
"Primary completion rate, total (% of relevant age group)",Dominican Republic,DOM,..,78.8188324,93.07073975,93.52136993,94.2355423,95.26004791,99.52607727,99.15802765,95.32808685,93.1275177,93.30409241,..
"Primary completion rate, total (% of relevant age group)",Ecuador,ECU,..,97.24127197,106.9734573,108.2071304,108.6961594,112.2291412,106.4048386,103.5557404,105.4158478,104.4336777,..,..
"Primary completion rate, total (% of relevant age group)","Egypt, Arab Rep.",EGY,..,91.26548004,..,..,100.5301437,..,..,96.90644836,97.18955231,100.6852112,104.6092987,..
"Primary completion rate, total (% of relevant age group)",El Salvador,SLV,..,91.04666138,103.3350067,103.4041138,101.834938,100.1043396,96.26837921,92.97917938,90.37033081,86.60769653,..,..
"Primary completion rate, total (% of relevant age group)",Equatorial Guinea,GNQ,..,45.02632904,42.45682144,44.01268005,..,..,40.77592087,..,..,..,..,..
"Primary completion rate, total (% of relevant age group)",Eritrea,ERI,..,48.5074501,73.28090668,66.08583832,61.0422287,..,62.84111023,..,64.18666077,60.27051163,..,..
"Primary completion rate, total (% of relevant age group)",Estonia,EST,..,95.6677475,101.4313278,103.8179398,104.3208313,100.0924301,98.76663971,96.44262695,97.23143768,96.69463348,..,..
"Primary completion rate, total (% of relevant age group)",Eswatini,SWZ,61.13367081,69.66107178,83.8032074,84.69747162,86.04702759,84.54666138,89.14315033,95.14885712,95.81926727,94.48487091,..,..
"Primary completion rate, total (% of relevant age group)",Ethiopia,ETH,..,22.31555939,52.54763031,50.30796814,..,53.38832855,54.11090088,..,..,..,..,..
"Primary completion rate, total (% of relevant age group)",Faroe Islands,FRO,..,..,..,..,..,..,..,..,..,..,..,..
"Primary completion rate, total (% of relevant age group)",Fiji,FJI,..,95.0105896,104.667778,106.2605286,106.7346725,..,111.6333008,107.0184174,..,..,..,..
"Primary completion rate, total (% of relevant age group)",Finland,FIN,101.6380692,96.20359039,98.20484161,100.0309677,99.63838196,98.88854218,99.03192139,100.8849716,101.4983215,100.3738098,..,..
"Primary completion rate, total (% of relevant age group)",France,FRA,104.1289825,92.93036652,..,..,..,..,..,..,..,..,..,..
"Primary completion rate, total (% of relevant age group)",French Polynesia,PYF,..,..,..,..,..,..,..,..,..,..,..,..
"Primary completion rate, total (% of relevant age group)",Gabon,GAB,..,..,..,..,..,..,..,..,..,..,..,..
"Primary completion rate, total (% of relevant age group)","Gambia, The",GMB,..,66.12757874,63.97330856,65.6831131,66.41799927,66.99941254,67.47250366,69.27261353,..,..,78.94251251,..
"Primary completion rate, total (% of relevant age group)",Georgia,GEO,..,118.0893326,..,101.4368134,104.25811,103.5047379,102.9413834,115.4339523,113.7015991,95.50823212,92.82787323,..
"Primary completion rate, total (% of relevant age group)",Germany,DEU,..,104.3469162,101.5668793,98.65313721,98.39868927,97.28270721,98.91829681,97.93720245,98.80513763,100.8433228,..,..
"Primary completion rate, total (% of relevant age group)",Ghana,GHA,..,69.08267212,88.06565094,93.86432648,94.82469177,93.65453339,98.75621796,..,94.72445679,93.80911255,..,..
"Primary completion rate, total (% of relevant age group)",Gibraltar,GIB,..,..,..,..,..,..,..,94.68084717,92.25805664,..,100.218338,..
"Primary completion rate, total (% of relevant age group)",Greece,GRC,..,..,93.1533432,96.98412323,95.35900879,95.57611084,97.3575592,97.33734131,96.76635742,97.93238068,..,..
"Primary completion rate, total (% of relevant age group)",Greenland,GRL,..,..,..,..,..,..,..,..,..,..,..,..
"Primary completion rate, total (% of relevant age group)",Grenada,GRD,..,..,..,..,108.7554703,..,..,..,120.9955292,123.0012283,..,..
"Primary completion rate, total (% of relevant age group)",Guam,GUM,..,..,..,..,..,..,..,..,..,..,..,..
"Primary completion rate, total (% of relevant age group)",Guatemala,GTM,..,55.51237106,85.79241943,84.75212097,84.86328888,84.669487,82.71166992,79.13230896,79.94132996,79.69037628,79.13033295,..
"Primary completion rate, total (% of relevant age group)",Guinea,GIN,18.13441086,31.67450905,..,60.10137939,60.8259201,62.25954056,..,59.66736984,..,..,..,..
"Primary completion rate, total (% of relevant age group)",Guinea-Bissau,GNB,..,28.31343079,..,..,..,..,..,..,..,..,..,..
"Primary completion rate, total (% of relevant age group)",Guyana,GUY,..,107.8793488,97.63735199,97.37593842,..,..,..,..,..,..,..,..
"Primary completion rate, total (% of relevant age group)",Haiti,HTI,..,..,..,..,..,..,..,..,..,..,..,..
"Primary completion rate, total (% of relevant age group)",Honduras,HND,..,..,87.47505188,86.82106781,80.90408325,77.19140625,..,80.47022247,81.62432861,..,79.45810699,..
"Primary completion rate, total (% of relevant age group)","Hong Kong SAR, China",HKG,103.959137,..,..,100.7627029,99.07839966,102.2678299,105.0824966,104.1517029,103.1136627,104.4942322,106.7327499,..
"Primary completion rate, total (% of relevant age group)",Hungary,HUN,81.78333282,96.41895294,98.72741699,97.53672791,97.71341705,96.46964264,96.9503479,98.59475708,105.0500336,98.84925079,..,..
"Primary completion rate, total (% of relevant age group)",Iceland,ISL,..,99.78250122,99.86000824,98.16384125,102.4735031,98.06101227,96.57388306,99.95250702,101.8414917,99.20509338,..,..
"Primary completion rate, total (% of relevant age group)",India,IND,..,71.48610687,92.76335907,..,96.20088959,97.57112122,97.71131897,96.23069763,94.37374878,..,91.66149139,..
"Primary completion rate, total (% of relevant age group)",Indonesia,IDN,93.31404877,..,..,103.098259,101.1456299,103.4515305,..,..,100.8259201,102.3348389,..,..
"Primary completion rate, total (% of relevant age group)","Iran, Islamic Rep.",IRN,84.22763824,90.71710205,98.78840637,97.20738983,..,..,98.30149841,100.2643814,99.43878937,..,..,..
"Primary completion rate, total (% of relevant age group)",Iraq,IRQ,..,56.27177811,..,..,..,..,..,..,..,..,..,..
"Primary completion rate, total (% of relevant age group)",Ireland,IRL,..,96.64121246,..,..,97.81537628,99.83773041,98.70777893,99.69187927,98.28806305,97.32833862,..,..
"Primary completion rate, total (% of relevant age group)",Isle of Man,IMN,..,..,..,..,..,..,..,..,..,..,..,..
"Primary completion rate, total (% of relevant age group)",Israel,ISR,..,..,102.1188812,107.0847092,102.8544083,103.6381989,110.0570297,103.5787506,105.5579681,102.4397507,..,..
"Primary completion rate, total (% of relevant age group)",Italy,ITA,100.6820068,101.744873,105.3638611,101.4161911,100.3593292,100.1127396,99.80954742,97.74971008,98.81697845,97.64672089,..,..
"Primary completion rate, total (% of relevant age group)",Jamaica,JAM,95.30735016,86.36894989,..,..,..,..,85.76687622,85.92050171,87.48407745,85.61917877,84.61605835,..
"Primary completion rate, total (% of relevant age group)",Japan,JPN,..,..,..,..,..,..,..,..,..,..,..,..
"Primary completion rate, total (% of relevant age group)",Jordan,JOR,91.79074097,94.46649933,77.24938965,..,73.82997131,75.16387177,..,72.06588745,71.33763885,72.70050812,81.67272186,..
"Primary completion rate, total (% of relevant age group)",Kazakhstan,KAZ,..,93.19255829,114.1405869,107.5192795,109.3172607,115.1543884,114.2725296,110.2985764,109.6560974,110.3839035,106.3773499,..
"Primary completion rate, total (% of relevant age group)",Kenya,KEN,..,..,..,..,..,97.2009964,99.1434021,99.67874146,..,..,..,..
"Primary completion rate, total (% of relevant age group)",Kiribati,KIR,102.3096085,98.9781723,..,..,..,113.1809311,..,100.8695679,..,..,..,..
"Primary completion rate, total (% of relevant age group)","Korea, Dem. People’s Rep.",PRK,..,..,..,..,..,..,..,..,..,..,..,..
"Primary completion rate, total (% of relevant age group)","Korea, Rep.",KOR,98.98799133,103.2269821,102.9780807,109.6997681,103.1858978,96.15531921,101.4107971,98.01557159,91.3551178,95.37677002,..,..
"Primary completion rate, total (% of relevant age group)",Kosovo,XKX,..,..,..,..,..,..,..,..,..,..,..,..
"Primary completion rate, total (% of relevant age group)",Kuwait,KWT,..,99.54678345,98.99492645,97.88350677,100,..,..,100.5790024,95.37188721,91.81941223,84.59255981,..
"Primary completion rate, total (% of relevant age group)",Kyrgyz Republic,KGZ,..,93.64906311,95.32794189,95.74697876,99.34651184,102.2726593,108.2003632,101.7858734,101.5568695,104.5162888,108.6153717,..
"Primary completion rate, total (% of relevant age group)",Lao PDR,LAO,43.28926086,67.38773346,91.37177277,95.03047943,99.32383728,100.7859268,101.0114212,99.73226929,101.3968735,97.89003754,92.16832733,..
"Primary completion rate, total (% of relevant age group)",Latvia,LVA,..,99.4299469,99.76600647,98.53286743,99.41632843,100.3578415,100.0109482,98.06009674,99.31181335,98.3991394,..,..
"Primary completion rate, total (% of relevant age group)",Lebanon,LBN,..,..,..,..,..,..,..,..,..,..,..,..
"Primary completion rate, total (% of relevant age group)",Lesotho,LSO,53.7387619,56.74876022,85.57064819,83.27728271,82.98184967,82.23049164,81.75554657,85.62885284,..,..,..,..
"Primary completion rate, total (% of relevant age group)",Liberia,LBR,..,..,66.84977722,..,..,60.00973129,..,..,60.59540176,..,..,..
"Primary completion rate, total (% of relevant age group)",Libya,LBY,..,..,..,..,..,..,..,..,..,..,..,..
"Primary completion rate, total (% of relevant age group)",Liechtenstein,LIE,..,..,100.742569,102.2388077,..,92.24806213,105.7471313,100.2518921,90.43927765,107.3298416,..,..
"Primary completion rate, total (% of relevant age group)",Lithuania,LTU,..,101.9031906,99.0966568,101.1034927,101.3880005,100.7501678,100.7350235,101.8899765,102.0011597,104.2855988,..,..
"Primary completion rate, total (% of relevant age group)",Luxembourg,LUX,..,..,84.368927,85.849823,82.23399353,79.67519379,79.15052032,79.07543182,80.28713989,79.64601898,..,..
"Primary completion rate, total (% of relevant age group)","Macao SAR, China",MAC,115.3346024,98.33943939,93.0426178,94.08878326,90.11975861,93.26970673,93.86437225,98.2186203,100.9514313,101.0805664,103.8342209,..
"Primary completion rate, total (% of relevant age group)",Madagascar,MDG,35.06270981,36.70574188,70.69732666,69.12863159,67.96189117,68.19869995,68.65421295,67.57843018,..,65.46877289,63.27682114,..
"Primary completion rate, total (% of relevant age group)",Malawi,MWI,30.31562042,63.48488998,71.60990143,74.80017853,80.04418945,80.00206757,..,..,..,..,80.34858704,..
"Primary completion rate, total (% of relevant age group)",Malaysia,MYS,89.32008362,100.6689072,99.98245239,106.7283707,102.8557663,102.2998505,101.7599869,100.0088196,99.49160004,..,..,..
"Primary completion rate, total (% of relevant age group)",Maldives,MDV,..,..,..,..,..,..,103.6910019,106.9580612,97.35546112,93.17411804,91.66667175,..
"Primary completion rate, total (% of relevant age group)",Mali,MLI,..,31.06592941,58.27114868,54.55112839,54.25202942,53.20568848,50.92628098,51.04618073,49.61439133,..,..,..
"Primary completion rate, total (% of relevant age group)",Malta,MLT,101.6882019,106.9921265,101.1935425,94.63768005,97.98256683,102.6799393,100.2057114,101.8052368,101.9341888,103.5776367,..,..
"Primary completion rate, total (% of relevant age group)",Marshall Islands,MHL,..,..,86.86652374,..,..,..,..,70.85459137,..,..,77.29624939,..
"Primary completion rate, total (% of relevant age group)",Mauritania,MRT,28.56318092,..,..,70.43614197,72.62330627,69.68058777,70.39259338,..,69.71430969,76.05602264,72.909729,..
"Primary completion rate, total (% of relevant age group)",Mauritius,MUS,113.64991,102.7939835,98.42845154,95.62267303,97.34062195,96.91483307,100.4805603,101.0686569,98.20008087,100.7911835,98.51373291,..
"Primary completion rate, total (% of relevant age group)",Mexico,MEX,88.7490387,96.64557648,100.1975327,106.0110092,109.4250412,110.5088425,104.9098206,103.9693909,104.0978394,102.2558899,..,..
"Primary completion rate, total (% of relevant age group)","Micronesia, Fed. Sts.",FSM,..,..,..,..,..,..,..,91.05622101,..,..,88.45343018,..
"Primary completion rate, total (% of relevant age group)",Moldova,MDA,..,97.78652954,91.09963226,89.63884735,93.03943634,91.96939087,90.90860748,89.78202057,89.90564728,89.38008118,88.0238266,..
"Primary completion rate, total (% of relevant age group)",Monaco,MCO,..,..,..,..,..,..,..,..,..,..,..,..
"Primary completion rate, total (% of relevant age group)",Mongolia,MNG,..,86.94967651,..,..,..,..,98.1288681,92.99311829,91.50743866,101.7796478,..,..
"Primary completion rate, total (% of relevant age group)",Montenegro,MNE,..,..,75.98499298,99.59789276,..,..,94.31934357,90.39073181,90.26088715,94.47805786,97.40717316,..
"Primary completion rate, total (% of relevant age group)",Morocco,MAR,50.83808136,58.70890045,89.36157227,98.01963043,96.02310181,96.30815887,96.25771332,95.04203796,92.92952728,93.59745789,97.13572693,..
"Primary completion rate, total (% of relevant age group)",Mozambique,MOZ,28.10639,16.57522964,54.87825012,52.04405975,49.54563141,48.80899811,48.95317841,..,47.14291,51.98764038,54.7286911,..
"Primary completion rate, total (% of relevant age group)",Myanmar,MMR,..,76.45822144,..,..,..,..,..,..,..,95.39961243,..,..
"Primary completion rate, total (% of relevant age group)",Namibia,NAM,..,89.43701172,..,90.44270325,93.02004242,..,..,..,..,94.08621979,..,..
"Primary completion rate, total (% of relevant age group)",Nauru,NRU,..,..,..,97.60765839,..,118.4466019,..,131.0185242,..,..,116.8776398,..
"Primary completion rate, total (% of relevant age group)",Nepal,NPL,..,66.74875641,..,104.3140564,105.5447617,109.1984634,111.8308105,116.8021927,121.7222672,..,120.4473419,..
"Primary completion rate, total (% of relevant age group)",Netherlands,NLD,..,..,..,..,..,..,..,..,..,..,..,..
"Primary completion rate, total (% of relevant age group)",New Caledonia,NCL,..,..,..,..,..,..,..,..,..,..,..,..
"Primary completion rate, total (% of relevant age group)",New Zealand,NZL,..,..,..,..,..,..,..,..,..,..,..,..
"Primary completion rate, total (% of relevant age group)",Nicaragua,NIC,39.15042877,65.76513672,..,..,..,..,..,..,..,..,..,..
"Primary completion rate, total (% of relevant age group)",Niger,NER,16.32300949,18.37958908,44.36259079,47.7938118,47.71931076,57.60813904,..,71.62693787,..,..,62.26213837,..
"Primary completion rate, total (% of relevant age group)",Nigeria,NGA,..,82.17640686,..,..,..,..,..,..,..,..,..,..
"Primary completion rate, total (% of relevant age group)",North Macedonia,MKD,..,96.17159271,..,..,89.72982025,90.13024139,91.28556824,..,91.1078186,93.41673279,..,..
"Primary completion rate, total (% of relevant age group)",Northern Mariana Islands,MNP,..,..,..,..,..,..,..,..,..,..,..,..
"Primary completion rate, total (% of relevant age group)",Norway,NOR,95.12200165,97.92279053,97.66902161,99.76106262,101.0449219,98.25798798,97.96967316,100.8554306,101.0350189,99.123909,..,..
"Primary completion rate, total (% of relevant age group)",Oman,OMN,65.07015228,82.94512177,97.08152008,101.2116699,96.12754059,103.9574585,99.82885742,103.6480637,107.3640213,100.3571014,100.9126282,..
"Primary completion rate, total (% of relevant age group)",Pakistan,PAK,..,..,60.40692902,63.48620987,63.74631119,64.54271698,..,64.95687103,..,71.07129669,73.26538849,..
"Primary completion rate, total (% of relevant age group)",Palau,PLW,..,95.23809814,..,..,112.6087036,100.4291763,..,..,..,..,..,..
"Primary completion rate, total (% of relevant age group)",Panama,PAN,..,92.05299377,98.54006958,100.6354523,99.64926147,96.80075073,..,..,89.79547119,..,..,..
"Primary completion rate, total (% of relevant age group)",Papua New Guinea,PNG,41.54188919,50.02368927,..,..,..,72.70092773,..,77.12384796,..,..,..,..
"Primary completion rate, total (% of relevant age group)",Paraguay,PRY,65.23925018,91.03295898,88.78321838,88.03662109,..,..,..,..,..,..,..,..
"Primary completion rate, total (% of relevant age group)",Peru,PER,..,96.83503723,99.37333679,94.78259277,96.84059906,97.86360168,100.4050598,104.5288696,97.44566345,96.10073853,98.7053299,..
"Primary completion rate, total (% of relevant age group)",Philippines,PHL,89.34030151,..,..,..,..,98.58690643,..,..,108.6775284,115.4368973,..,..
"Primary completion rate, total (% of relevant age group)",Poland,POL,97.80934143,95.68995667,93.63150024,94.65113068,96.64031982,96.91201782,100.0444031,101.7503586,106.2426987,94.33351898,..,..
"Primary completion rate, total (% of relevant age group)",Portugal,PRT,..,..,..,..,..,..,..,..,..,99.57019043,..,..
"Primary completion rate, total (% of relevant age group)",Puerto Rico,PRI,..,..,..,..,..,..,78.8168869,..,..,69.9172287,..,..
"Primary completion rate, total (% of relevant age group)",Qatar,QAT,73.26586914,..,95.49075317,..,96.381073,91.95511627,92.64425659,94.74804688,95.66954803,95.78588104,95.02079773,..
"Primary completion rate, total (% of relevant age group)",Romania,ROU,90.17816162,93.34966278,99.89517975,97.3431778,..,..,95.17481995,91.86003113,..,85.22177124,..,..
"Primary completion rate, total (% of relevant age group)",Russian Federation,RUS,..,90.436203,97.11335754,97.71768951,100.1080017,99.93402863,100.2978516,96.14292908,..,101.9632111,..,..
"Primary completion rate, total (% of relevant age group)",Rwanda,RWA,42.48289108,25.08176041,..,71.16143036,69.14878082,62.99047089,63.35086823,69.06014252,78.19880676,86.54634857,97.40032959,..
"Primary completion rate, total (% of relevant age group)",Samoa,WSM,..,94.04708862,105.8823471,106.2442627,..,107.5236588,110.3240204,110.7065506,107.0685577,104.7818832,108.8711395,..
"Primary completion rate, total (% of relevant age group)",San Marino,SMR,80.89172363,84.75836182,108.2437286,120.5574875,..,..,..,..,..,107.4193497,114.102562,..
"Primary completion rate, total (% of relevant age group)",Sao Tome and Principe,STP,71.87918091,..,107.6342697,..,94.68756104,85.47091675,..,77.48246765,84.34609222,..,..,..
"Primary completion rate, total (% of relevant age group)",Saudi Arabia,SAU,..,..,101.6527863,107.1598129,110.9642792,121.9366608,108.4384613,103.1039505,103.3347397,96.70606232,96.22881317,..
"Primary completion rate, total (% of relevant age group)",Senegal,SEN,42.73115158,39.03350067,60.64987946,60.1409111,60.68394852,61.32249832,59.66014862,..,..,..,61.20201111,..
"Primary completion rate, total (% of relevant age group)",Serbia,SRB,..,..,104.1276474,98.01016235,98.90995789,101.9012604,101.0108414,98.83048248,99.03386688,98.7212677,98.6684494,..
"Primary completion rate, total (% of relevant age group)",Seychelles,SYC,..,98.8757019,110.2386475,104.5665588,104.5771866,111.4109497,108.7547226,112.6462021,102.1970215,101.8531189,98.80000305,..
"Primary completion rate, total (% of relevant age group)",Sierra Leone,SLE,..,..,67.86105347,64.16042328,62.97579956,..,59.79026031,68.33248901,70.19275665,81.78533936,83.21027374,..
"Primary completion rate, total (% of relevant age group)",Singapore,SGP,..,..,..,..,..,..,..,99.78926849,99.25823975,99.92182922,..,..
"Primary completion rate, total (% of relevant age group)",Sint Maarten (Dutch part),SXM,..,..,..,92,..,123.09198,..,..,..,..,..,..
"Primary completion rate, total (% of relevant age group)",Slovak Republic,SVK,..,96.26741791,96.09583282,93.18823242,94.59078217,96.30828857,95.96457672,92.44306183,91.90563202,92.17269135,..,..
"Primary completion rate, total (% of relevant age group)",Slovenia,SVN,..,96.37516785,96.34835815,101.9722519,99.29289246,100.0733337,98.08544922,97.90014648,95.69824982,97.39997101,..,..
"Primary completion rate, total (% of relevant age group)",Solomon Islands,SLB,60.10129929,..,85.55438995,85.07463074,85.7193985,86.54978943,88.05918884,88.32666016,87.99546814,86.78566742,..,..
"Primary completion rate, total (% of relevant age group)",Somalia,SOM,..,..,..,..,..,..,..,..,..,..,..,..
"Primary completion rate, total (% of relevant age group)",South Africa,ZAF,..,81.04225159,..,..,..,..,90.11048889,87.25533295,..,90.34449768,..,..
"Primary completion rate, total (% of relevant age group)",South Sudan,SSD,..,..,27.43708992,..,..,..,..,..,..,..,..,..
"Primary completion rate, total (% of relevant age group)",Spain,ESP,99.9597168,..,96.15329742,99.32010651,99.21613312,100.1018982,103.3596802,101.2097321,100.5725479,98.52601624,..,..
"Primary completion rate, total (% of relevant age group)",Sri Lanka,LKA,97.43482208,..,100.1320724,97.25627899,98.31141663,98.10511017,99.0514679,101.1092682,102.3903809,..,..,..
"Primary completion rate, total (% of relevant age group)",St. Kitts and Nevis,KNA,..,115.1442337,108.716713,110.3491287,109.0909119,101.9710922,107.9514771,98.08482361,..,..,..,..
"Primary completion rate, total (% of relevant age group)",St. Lucia,LCA,123.8759689,..,..,..,..,..,..,95.49050903,92.07717896,94.89362335,99.77935028,..
"Primary completion rate, total (% of relevant age group)",St. Martin (French part),MAF,..,..,..,..,..,..,..,..,..,..,..,..
"Primary completion rate, total (% of relevant age group)",St. Vincent and the Grenadines,VCT,..,..,88.33087158,101.7151794,111.1350174,103.0634613,99.39427185,98.73207855,92.71186066,105.5491333,..,..
"Primary completion rate, total (% of relevant age group)",Sudan,SDN,..,..,..,57.54983139,58.09366989,58.2490387,59.24304962,59.83707809,61.68764114,..,..,..
"Primary completion rate, total (% of relevant age group)",Suriname,SUR,..,..,86.43058777,86.74710846,85.93081665,89.10131836,89.56555176,88.04000092,85.34783936,85.14813232,85.86408234,..
"Primary completion rate, total (% of relevant age group)",Sweden,SWE,96.47728729,99.55304718,101.3979416,102.6794815,102.461853,101.0252991,103.7717667,105.2293091,105.3862762,104.1240463,..,..
"Primary completion rate, total (% of relevant age group)",Switzerland,CHE,51.37739944,96.67292786,96.65714264,97.4105072,96.85575104,95.57646179,95.77346802,96.82687378,97.15868378,96.21008301,..,..
"Primary completion rate, total (% of relevant age group)",Syrian Arab Republic,SYR,89.89820862,91.24430084,106.9108963,113.6243134,72.29299164,..,..,..,..,..,..,..
"Primary completion rate, total (% of relevant age group)",Tajikistan,TJK,..,92.57575226,102.7377167,98.15614319,..,99.51608276,101.0742493,95.38155365,94.91239166,..,..,..
"Primary completion rate, total (% of relevant age group)",Tanzania,TZA,..,50.53853989,..,82.11129761,76.7352066,..,..,61.57209015,..,68.70372772,68.00881958,..
"Primary completion rate, total (% of relevant age group)",Thailand,THA,..,84.8921814,..,..,..,..,..,..,93.4525528,93.42047119,94.41137695,..
"Primary completion rate, total (% of relevant age group)",Timor-Leste,TLS,..,..,78.7917099,83.32792664,88.95036316,93.43956757,100.0959473,99.2806015,99.89826965,103.8459091,105.1983414,..
"Primary completion rate, total (% of relevant age group)",Togo,TGO,36.37184906,66.62779236,71.91786957,75.12908173,78.34172821,84.20050049,..,92.71514893,91.60781097,89.67256165,87.42386627,..
"Primary completion rate, total (% of relevant age group)",Tonga,TON,127.8249817,..,..,103.5684967,116.0971603,..,..,..,..,..,..,..
"Primary completion rate, total (% of relevant age group)",Trinidad and Tobago,TTO,..,93.35761261,..,..,..,..,..,..,..,..,..,..
"Primary completion rate, total (% of relevant age group)",Tunisia,TUN,81.12670135,86.63253021,..,..,96.80471802,99.71772766,103.311409,99.01363373,95.0537796,..,..,..
"Primary completion rate, total (% of relevant age group)",Turkey,TUR,94.87223816,..,101.2482376,99.8199234,..,91.39781952,92.23309326,..,89.74890137,88.52777863,..,..
"Primary completion rate, total (% of relevant age group)",Turkmenistan,TKM,..,..,..,..,..,..,..,..,..,..,..,..
"Primary completion rate, total (% of relevant age group)",Turks and Caicos Islands,TCA,..,97.10610962,..,..,..,59.56739044,53.73376846,..,..,129.401413,..,..
"Primary completion rate, total (% of relevant age group)",Tuvalu,TUV,76.60819244,..,..,..,..,86.97479248,91.70124054,84.77365875,..,78.71485901,..,..
"Primary completion rate, total (% of relevant age group)",Uganda,UGA,..,..,55.07318115,56.38832855,56.45769882,59.89649963,..,54.74301147,52.67176056,..,..,..
"Primary completion rate, total (% of relevant age group)",Ukraine,UKR,100.3342285,96.05645752,96.50829315,97.50717926,103.3503494,102.5925369,..,..,..,..,..,..
"Primary completion rate, total (% of relevant age group)",United Arab Emirates,ARE,91.06539917,80.28414154,..,93.94155884,95.68698883,99.14914703,103.5202026,..,..,..,..,..
"Primary completion rate, total (% of relevant age group)",United Kingdom,GBR,..,..,..,..,..,..,102.010498,100.8825531,100.1228638,100.5974579,..,..
"Primary completion rate, total (% of relevant age group)",United States,USA,..,..,..,..,..,..,..,..,98.8321991,100.0926971,..,..
"Primary completion rate, total (% of relevant age group)",Uruguay,URY,94.62658691,97.31546021,103.7869568,102.6577377,103.4294891,103.9037018,103.5109863,104.6961899,98.69988251,103.2246475,..,..
"Primary completion rate, total (% of relevant age group)",Uzbekistan,UZB,..,95.76960754,92.55310059,92.95034027,96.60858917,96.30272675,98.24262238,96.8192215,98.40358734,103.0236282,105.6226883,..
"Primary completion rate, total (% of relevant age group)",Vanuatu,VUT,..,92.11485291,..,..,91.6740036,..,..,..,..,..,..,..
"Primary completion rate, total (% of relevant age group)","Venezuela, RB",VEN,78.80394745,83.87856293,95.17514038,96.32138824,96.05863953,96.83641052,96.11708832,94.05079651,92.58873749,..,..,..
"Primary completion rate, total (% of relevant age group)",Vietnam,VNM,..,99.77178192,103.2278595,102.6396866,100.0165863,107.1828766,105.1644592,105.9639893,..,110.0212097,..,..
"Primary completion rate, total (% of relevant age group)",Virgin Islands (U.S.),VIR,..,..,..,..,..,..,..,..,..,..,..,..
"Primary completion rate, total (% of relevant age group)",West Bank and Gaza,PSE,..,94.14679718,91.79595184,92.23401642,96.0062027,100.0549698,99.07182312,97.05693054,99.82543945,96.85253906,96.32247925,..
"Primary completion rate, total (% of relevant age group)","Yemen, Rep.",YEM,..,..,..,69.84921265,69.69535828,..,..,72.30039215,..,..,..,..
"Primary completion rate, total (% of relevant age group)",Zambia,ZMB,..,59.03316879,..,88.02960968,79.97387695,..,..,..,..,..,..,..
"Primary completion rate, total (% of relevant age group)",Zimbabwe,ZWE,..,..,..,97.09030914,98.49018097,..,..,..,..,..,..,..
"Primary completion rate, total (% of relevant age group)",Arab World,ARB,69.26254272,75.54741669,85.1756897,87.03526306,85.06060791,85.99414063,84.90054321,84.32259369,84.44867706,84.95223236,85.96137238,..
"Primary completion rate, total (% of relevant age group)",Caribbean small states,CSS,95.19094086,91.96533966,91.68180084,92.11843109,91.15278625,91.25849152,91.5128479,91.14359283,91.25253296,90.81897736,90.54762268,..
"Primary completion rate, total (% of relevant age group)",Central Europe and the Baltics,CEB,93.04514313,95.71656036,97.70146942,96.79386139,97.31368256,97.12010193,97.94967651,97.44618988,98.57182312,93.07649994,93.10566711,..
"Primary completion rate, total (% of relevant age group)",Early-demographic dividend,EAR,70.82074738,75.54930878,89.31060791,90.96309662,91.67990875,92.86647797,92.87621307,92.40386963,91.94174957,91.59841919,91.95253754,..
"Primary completion rate, total (% of relevant age group)",East Asia & Pacific,EAS,95.43978119,92.48136139,95.19064331,95.79324341,95.27152252,92.74677277,91.71717072,94.07993317,95.98155212,98.14378357,98.89305878,..
"Primary completion rate, total (% of relevant age group)",East Asia & Pacific (excluding high income),EAP,95.87651062,92.33168793,94.94599915,95.39246368,94.97205353,92.3599472,91.13159943,93.70793152,95.84619904,98.05004883,98.85059357,..
"Primary completion rate, total (% of relevant age group)",East Asia & Pacific (IDA & IBRD countries),TEA,95.86061859,92.28231049,94.91371918,95.36608887,94.93994904,92.29158783,91.04686737,93.65963745,95.82720184,98.05928802,98.86924744,..
"Primary completion rate, total (% of relevant age group)",Euro area,EMU,98.1802063,98.24852753,97.18054199,96.51537323,96.28681183,96.21463013,96.98338318,96.16420746,96.41973877,96.45337677,96.46085358,..
"Primary completion rate, total (% of relevant age group)",Europe & Central Asia,ECS,96.74552155,96.03939056,98.37241364,97.74053955,97.9078598,97.5925827,98.36521149,97.10243225,97.63890839,97.56958008,97.69986725,..
"Primary completion rate, total (% of relevant age group)",Europe & Central Asia (excluding high income),ECA,96.73632813,94.06774902,98.94988251,98.12728882,98.48809052,98.01171875,98.7929306,96.74022675,97.49771118,98.40103912,98.64250183,..
"Primary completion rate, total (% of relevant age group)",Europe & Central Asia (IDA & IBRD countries),TEC,96.35691833,94.1420517,98.53321075,97.79943085,98.259758,97.85748291,98.77111053,96.89653778,97.68357086,97.63916779,97.86003113,..
"Primary completion rate, total (% of relevant age group)",European Union,EUU,97.36206818,98.115448,98.03130341,97.41693878,97.36602783,97.2360611,97.98119354,97.34049225,97.63845062,96.60489655,96.61386108,..
"Primary completion rate, total (% of relevant age group)",Fragile and conflict affected situations,FCS,60.98603058,62.84376907,71.37838745,72.57460785,71.51296234,71.83988953,72.11823273,72.46174622,72.426651,72.25985718,72.02288055,..
"Primary completion rate, total (% of relevant age group)",Heavily indebted poor countries (HIPC),HPC,41.58707809,43.38592148,65.48107147,65.78688812,65.57917023,65.6888504,65.89006042,65.93408966,66.26583099,66.81575775,66.84545898,..
"Primary completion rate, total (% of relevant age group)",High income,HIC,94.80174255,96.81118774,98.30950165,98.89417267,98.69293213,98.88049316,98.98309326,98.38574982,98.27464294,98.21237183,98.17835999,..
"Primary completion rate, total (% of relevant age group)",IBRD only,IBD,86.20453644,86.88262939,94.77423859,95.56607819,95.96188354,95.39022827,94.73919678,94.98825073,95.11144257,94.98506165,95.42215729,..
"Primary completion rate, total (% of relevant age group)",IDA & IBRD total,IBT,79.06630707,80.00601959,87.23415375,88.02713013,88.14098358,87.8527298,87.49289703,87.7195816,87.97434998,88.17144012,88.47535706,..
"Primary completion rate, total (% of relevant age group)",IDA blend,IDB,..,72.85083771,71.95210266,73.50227356,73.92845917,74.35323334,74.57736969,74.99394226,75.60592651,77.1725235,78.14954376,..
"Primary completion rate, total (% of relevant age group)",IDA only,IDX,45.5799408,50.79050064,69.96814728,70.97705078,70.48969269,71.18025208,71.77706146,72.19612885,72.94329071,73.6762085,73.52545166,..
"Primary completion rate, total (% of relevant age group)",IDA total,IDA,..,..,..,..,..,..,..,..,..,..,..,..
"Primary completion rate, total (% of relevant age group)",Late-demographic dividend,LTE,98.40949249,94.38539886,95.96273041,95.88253021,95.39704895,92.35439301,91.11180115,93.30438232,95.51925659,96.93363953,97.77475739,..
"Primary completion rate, total (% of relevant age group)",Latin America & Caribbean,LCN,91.91503906,97.71125793,99.95612335,100.6112671,100.2959366,100.6434097,99.32855988,99.0819931,98.63915253,98.15247345,98.30957794,..
"Primary completion rate, total (% of relevant age group)",Latin America & Caribbean (excluding high income),LAC,91.88627625,97.89962006,100.1717072,100.7735825,100.4533463,100.8280411,99.51683044,99.32617188,98.93781281,98.38349915,98.54763794,..
"Primary completion rate, total (% of relevant age group)",Latin America & the Caribbean (IDA & IBRD countries),TLA,91.98532104,97.85726166,100.1246719,100.8053436,100.4995193,100.797348,99.46498108,99.2828064,98.87969208,98.45651245,98.58403015,..
"Primary completion rate, total (% of relevant age group)",Least developed countries: UN classification,LDC,42.34423065,47.73036957,67.58255768,68.4292984,68.90515137,69.66500854,69.95876312,70.39237213,71.02026367,71.72103882,71.41493988,..
"Primary completion rate, total (% of relevant age group)",Low & middle income,LMY,78.90287781,79.90573883,87.19618988,87.98697662,88.09899139,87.82118225,87.45372772,87.67996979,87.93360138,88.15956879,88.46595764,..
"Primary completion rate, total (% of relevant age group)",Low income,LIC,42.02490997,44.51065063,63.51651001,64.07801056,63.04135132,63.70449829,63.91529846,64.28369904,64.41020966,64.85063171,64.8757782,..
"Primary completion rate, total (% of relevant age group)",Lower middle income,LMC,68.19709778,72.90910339,86.46276093,88.03514099,89.04160309,90.04593658,90.33493042,89.87802887,89.61663055,89.33081818,89.61817169,..
"Primary completion rate, total (% of relevant age group)",Middle East & North Africa,MEA,75.11580658,81.5530777,91.54460144,93.5742569,91.53968048,92.64727783,91.58782959,91.08297729,90.90815735,91.26567078,92.34425354,..
"Primary completion rate, total (% of relevant age group)",Middle East & North Africa (excluding high income),MNA,75.54878235,81.35653687,90.4224472,92.17353058,89.67899323,89.99198151,89.66924286,89.59126282,89.34616089,90.36672211,91.66420746,..
"Primary completion rate, total (% of relevant age group)",Middle East & North Africa (IDA & IBRD countries),TMN,75.4260788,81.18630219,90.39914703,92.17250824,89.57243347,89.82200623,89.50932312,89.46362305,89.16648102,90.25498199,91.58339691,..
"Primary completion rate, total (% of relevant age group)",Middle income,MIC,82.224617,83.3927002,90.66226959,91.57804871,91.94165802,91.59674072,91.20726013,91.48023224,91.81504822,92.06635284,92.48911285,..
"Primary completion rate, total (% of relevant age group)",North America,NAC,..,..,..,..,..,..,..,98.7483902,98.74645233,99.89868164,99.89852142,..
"Primary completion rate, total (% of relevant age group)",Not classified,INX,..,..,..,..,..,..,..,..,..,..,..,..
"Primary completion rate, total (% of relevant age group)",OECD members,OED,94.23223877,97.53227234,99.63004303,100.3451767,99.71772766,99.29009247,99.09703064,98.66964722,98.77967072,98.67054749,98.66085815,..
"Primary completion rate, total (% of relevant age group)",Other small states,OSS,66.47337341,74.69230652,81.65592957,82.69824219,83.05940247,83.18221283,83.9642868,84.73335266,84.73560333,85.26834869,85.45398712,..
"Primary completion rate, total (% of relevant age group)",Pacific island small states,PSS,91.31881714,91.33576202,96.27467346,96.81289673,97.98013306,98.84211731,99.95424652,98.28353882,97.85424805,97.27973175,97.59147644,..
"Primary completion rate, total (% of relevant age group)",Post-demographic dividend,PST,96.31891632,97.86837006,98.45584106,98.71598053,98.45468903,98.15315247,98.69438171,98.30354309,98.16394043,98.78462982,98.834198,..
"Primary completion rate, total (% of relevant age group)",Pre-demographic dividend,PRE,53.76292038,54.75133133,67.5245285,67.95317841,67.77050781,67.9581604,68.01682281,68.0464325,68.23310089,68.58740234,68.47277832,..
"Primary completion rate, total (% of relevant age group)",Small states,SST,75.09728241,79.45362091,84.61195374,85.45678711,85.58905029,85.72794342,86.42076111,86.81130981,86.79031372,87.06535339,87.16973114,..
"Primary completion rate, total (% of relevant age group)",South Asia,SAS,63.56343079,69.02494049,86.95903778,89.01603699,90.6337738,92.09108734,92.46260071,91.89880371,91.26689911,90.06334686,90.33450317,..
"Primary completion rate, total (% of relevant age group)",South Asia (IDA & IBRD),TSA,63.56343079,69.02494049,86.95903778,89.01603699,90.6337738,92.09108734,92.46260071,91.89880371,91.26689911,90.06334686,90.33450317,..
"Primary completion rate, total (% of relevant age group)",Sub-Saharan Africa,SSF,54.10295868,54.40008926,67.76663971,67.97173309,67.93390656,68.09246063,68.29885864,68.22180939,68.35748291,68.77088928,68.81105804,..
"Primary completion rate, total (% of relevant age group)",Sub-Saharan Africa (excluding high income),SSA,54.00188828,54.3371582,67.73722076,67.94606781,67.90762329,68.06745148,68.27304077,68.19683838,68.3364563,68.74986267,68.79264069,..
"Primary completion rate, total (% of relevant age group)",Sub-Saharan Africa (IDA & IBRD countries),TSS,54.10295868,54.40008926,67.76663971,67.97173309,67.93390656,68.09246063,68.29885864,68.22180939,68.35748291,68.77088928,68.81105804,..
"Primary completion rate, total (% of relevant age group)",Upper middle income,UMC,96.04019165,93.56188965,96.34345245,96.4710083,95.98860168,93.7878418,92.44927979,93.78043365,94.99124908,96.03256226,96.65905762,..
"Primary completion rate, total (% of relevant age group)",World,WLD,81.01953888,81.80348206,88.42729187,89.19033051,89.24894714,89.00688171,88.6810379,88.81852722,89.03546906,89.2310791,89.50746918,..
,,,,,,,,,,,,,,
,,,,,,,,,,,,,,
,,,,,,,,,,,,,,
Data from database: World Development Indicators,,,,,,,,,,,,,,
Last Updated: 10/15/2020,,,,,,,,,,,,,,